Workbook

Sheet Продажи
A1: ID Селлера | B1: Название | C1: Неделя 1 | D1: Неделя 2 | E1: Неделя 3 | F1: Неделя 4 | G1: GMV за месяц | H1: Кол-во заказов | I1: AOV (ср. чек) | J1: Возвраты, шт | K1: Return Rate
A2: SEL-001 | B2: ООО Технопром | C2: 843876 | D2: 842651 | E2: 845269 | F2: 879834 | G2: =SUM(C2:F2) -> 3411630 | H2: 289 | I2: =IFERROR(G2/H2,0) -> 11804.948 | J2: 38 | K2: =IFERROR(J2/H2,0) -> 0.13148789
A3: SEL-002 | B3: ИП Смирнов А.В. | C3: 135951 | D3: 107167 | E3: 109585 | F3: 125562 | G3: =SUM(C3:F3) -> 478265 | H3: 527 | I3: =IFERROR(G3/H3,0) -> 907.52372 | J3: 34 | K3: =IFERROR(J3/H3,0) -> 0.064516129
A4: SEL-003 | B4: ООО МегаТрейд | C4: 568971 | D4: 581927 | E4: 603661 | F4: 544642 | G4: =SUM(C4:F4) -> 2299201 | H4: 939 | I4: =IFERROR(G4/H4,0) -> 2448.5634 | J4: 59 | K4: =IFERROR(J4/H4,0) -> 0.062832801
A5: SEL-004 | B5: ИП Козлова Н.И. | C5: 6838 | D5: 21028 | E5: 89772 | F5: 46829 | G5: =SUM(C5:F5) -> 164467 | H5: 945 | I5: =IFERROR(G5/H5,0) -> 174.03915 | J5: 76 | K5: =IFERROR(J5/H5,0) -> 0.08042328
A6: SEL-005 | B6: ООО СтройМаркет | C6: 1062607 | D6: 1102345 | E6: 966570 | F6: 1002196 | G6: =SUM(C6:F6) -> 4133718 | H6: 278 | I6: =IFERROR(G6/H6,0) -> 14869.489 | J6: 23 | K6: =IFERROR(J6/H6,0) -> 0.082733813
A7: SEL-006 | B7: ИП Петров С.Д. | C7: 66087 | D7: 95777 | E7: 107158 | F7: 86164 | G7: =SUM(C7:F7) -> 355186 | H7: 335 | I7: =IFERROR(G7/H7,0) -> 1060.2567 | J7: 58 | K7: =IFERROR(J7/H7,0) -> 0.17313433
A8: SEL-007 | B8: ООО АвтоДеталь | C8: 382744 | D8: 475202 | E8: 464276 | F8: 367095 | G8: =SUM(C8:F8) -> 1689317 | H8: 820 | I8: =IFERROR(G8/H8,0) -> 2060.1427 | J8: 95 | K8: =IFERROR(J8/H8,0) -> 0.11585366
A9: SEL-008 | B9: ИП Новикова М.С. | C9: 204928 | D9: 192718 | E9: 216727 | F9: 258135 | G9: =SUM(C9:F9) -> 872508 | H9: 243 | I9: =IFERROR(G9/H9,0) -> 3590.5679 | J9: 38 | K9: =IFERROR(J9/H9,0) -> 0.1563786
A10: SEL-009 | B10: ООО ЭлектроПлюс | C10: 794770 | D10: 721294 | E10: 663449 | F10: 789099 | G10: =SUM(C10:F10) -> 2968612 | H10: 413 | I10: =IFERROR(G10/H10,0) -> 7187.9225 | J10: 35 | K10: =IFERROR(J10/H10,0) -> 0.084745763
A11: SEL-010 | B11: ИП Федоров К.В. | C11: 36927 | D11: 48102 | E11: 59377 | F11: 21909 | G11: =SUM(C11:F11) -> 166315 | H11: 430 | I11: =IFERROR(G11/H11,0) -> 386.77907 | J11: 47 | K11: =IFERROR(J11/H11,0) -> 0.10930233
A12: SEL-011 | B12: ООО БытТехника | C12: 541960 | D12: 600118 | E12: 524619 | F12: 662067 | G12: =SUM(C12:F12) -> 2328764 | H12: 529 | I12: =IFERROR(G12/H12,0) -> 4402.2004 | J12: 70 | K12: =IFERROR(J12/H12,0) -> 0.13232514
A13: SEL-012 | B13: ИП Орлова Д.А. | C13: 128819 | D13: 36216 | E13: 93295 | F13: 101785 | G13: =SUM(C13:F13) -> 360115 | H13: 726 | I13: =IFERROR(G13/H13,0) -> 496.02617 | J13: 65 | K13: =IFERROR(J13/H13,0) -> 0.08953168
... A21: SEL-020 | B21: ИП Захарова Т.Б. | C21: 29948 | D21: 14136 | E21: 13028 | F21: 21966 | G21: =SUM(C21:F21) -> 79078 | H21: 297 | I21: =IFERROR(G21/H21,0) -> 266.25589 | J21: 47 | K21: =IFERROR(J21/H21,0) -> 0.15824916
C22: =SUM(C2:C21) -> 6735356 | D22: =SUM(D2:D21) -> 6764000 | E22: =SUM(E2:E21) -> 6411328 | F22: =SUM(F2:F21) -> 6719775 | G22: =SUM(G2:G21) -> 26630459 | H22: =SUM(H2:H21) -> 11299 | I22: =IFERROR(G22/H22,0) -> 2356.8864 | J22: =SUM(J2:J21) -> 1195 | K22: =IFERROR(J22/H22,0) -> 0.10576157

Sheet ABC-XYZ Анализ
A1: ID Селлера | B1: Название | C1: GMV за месяц | D1: Доля GMV | E1: Накопл. доля | F1: ABC | G1: CV (коэф. вариации) | H1: XYZ | I1: Группа ABC-XYZ
A2: =Продажи!A6 -> SEL-005 | B2: =Продажи!B6 -> ООО СтройМаркет | C2: =Продажи!G6 -> 4133718 | D2: =IFERROR(C2/SUM(Продажи!$G$2:$G$21),0) -> 0.15522519 | E2: =D2 -> 0.15522519 | F2: =IF(E2-D2<0.8,"A",IF(E2-D2<0.95,"B","C")) -> A | G2: =IFERROR(STDEV(Продажи!C6:F6)/AVERAGE(Продажи!C6:F6),0) -> 0.058717674 | H2: {=_xlfn.IFS(G2<0.15,"X",G2<0.35,"Y",G2>=0.35,"Z")} -> X | I2: =F2&H2 -> AX
A3: =Продажи!A2 -> SEL-001 | B3: =Продажи!B2 -> ООО Технопром | C3: =Продажи!G2 -> 3411630 | D3: =IFERROR(C3/SUM(Продажи!$G$2:$G$21),0) -> 0.12811007 | E3: =E2+D3 -> 0.28333526 | F3: =IF(E3-D3<0.8,"A",IF(E3-D3<0.95,"B","C")) -> A | G3: =IFERROR(STDEV(Продажи!C2:F2)/AVERAGE(Продажи!C2:F2),0) -> 0.021084154 | H3: {=_xlfn.IFS(G3<0.15,"X",G3<0.35,"Y",G3>=0.35,"Z")} -> X | I3: =F3&H3 -> AX
A4: =Продажи!A10 -> SEL-009 | B4: =Продажи!B10 -> ООО ЭлектроПлюс | C4: =Продажи!G10 -> 2968612 | D4: =IFERROR(C4/SUM(Продажи!$G$2:$G$21),0) -> 0.11147431 | E4: =E3+D4 -> 0.39480957 | F4: =IF(E4-D4<0.8,"A",IF(E4-D4<0.95,"B","C")) -> A | G4: =IFERROR(STDEV(Продажи!C10:F10)/AVERAGE(Продажи!C10:F10),0) -> 0.083793505 | H4: {=_xlfn.IFS(G4<0.15,"X",G4<0.35,"Y",G4>=0.35,"Z")} -> X | I4: =F4&H4 -> AX
A5: =Продажи!A18 -> SEL-017 | B5: =Продажи!B18 -> ООО ДомиДача | C5: =Продажи!G18 -> 2723017 | D5: =IFERROR(C5/SUM(Продажи!$G$2:$G$21),0) -> 0.10225197 | E5: =E4+D5 -> 0.49706154 | F5: =IF(E5-D5<0.8,"A",IF(E5-D5<0.95,"B","C")) -> A | G5: =IFERROR(STDEV(Продажи!C18:F18)/AVERAGE(Продажи!C18:F18),0) -> 0.090421701 | H5: {=_xlfn.IFS(G5<0.15,"X",G5<0.35,"Y",G5>=0.35,"Z")} -> X | I5: =F5&H5 -> AX
A6: =Продажи!A12 -> SEL-011 | B6: =Продажи!B12 -> ООО БытТехника | C6: =Продажи!G12 -> 2328764 | D6: =IFERROR(C6/SUM(Продажи!$G$2:$G$21),0) -> 0.087447385 | E6: =E5+D6 -> 0.58450893 | F6: =IF(E6-D6<0.8,"A",IF(E6-D6<0.95,"B","C")) -> A | G6: =IFERROR(STDEV(Продажи!C12:F12)/AVERAGE(Продажи!C12:F12),0) -> 0.10696705 | H6: {=_xlfn.IFS(G6<0.15,"X",G6<0.35,"Y",G6>=0.35,"Z")} -> X | I6: =F6&H6 -> AX
A7: =Продажи!A4 -> SEL-003 | B7: =Продажи!B4 -> ООО МегаТрейд | C7: =Продажи!G4 -> 2299201 | D7: =IFERROR(C7/SUM(Продажи!$G$2:$G$21),0) -> 0.086337265 | E7: =E6+D7 -> 0.67084619 | F7: =IF(E7-D7<0.8,"A",IF(E7-D7<0.95,"B","C")) -> A | G7: =IFERROR(STDEV(Продажи!C4:F4)/AVERAGE(Продажи!C4:F4),0) -> 0.042935791 | H7: {=_xlfn.IFS(G7<0.15,"X",G7<0.35,"Y",G7>=0.35,"Z")} -> X | I7: =F7&H7 -> AX
A8: =Продажи!A8 -> SEL-007 | B8: =Продажи!B8 -> ООО АвтоДеталь | C8: =Продажи!G8 -> 1689317 | D8: =IFERROR(C8/SUM(Продажи!$G$2:$G$21),0) -> 0.063435519 | E8: =E7+D8 -> 0.73428171 | F8: =IF(E8-D8<0.8,"A",IF(E8-D8<0.95,"B","C")) -> A | G8: =IFERROR(STDEV(Продажи!C8:F8)/AVERAGE(Продажи!C8:F8),0) -> 0.13093052 | H8: {=_xlfn.IFS(G8<0.15,"X",G8<0.35,"Y",G8>=0.35,"Z")} -> X | I8: =F8&H8 -> AX
A9: =Продажи!A14 -> SEL-013 | B9: =Продажи!B14 -> ООО КосметикаПро | C9: =Продажи!G14 -> 1566291 | D9: =IFERROR(C9/SUM(Продажи!$G$2:$G$21),0) -> 0.058815772 | E9: =E8+D9 -> 0.79309748 | F9: =IF(E9-D9<0.8,"A",IF(E9-D9<0.95,"B","C")) -> A | G9: =IFERROR(STDEV(Продажи!C14:F14)/AVERAGE(Продажи!C14:F14),0) -> 0.2263396 | H9: {=_xlfn.IFS(G9<0.15,"X",G9<0.35,"Y",G9>=0.35,"Z")} -> Y | I9: =F9&H9 -> AY
A10: =Продажи!A16 -> SEL-015 | B10: =Продажи!B16 -> ООО СпортТовары | C10: =Продажи!G16 -> 1007621 | D10: =IFERROR(C10/SUM(Продажи!$G$2:$G$21),0) -> 0.037837162 | E10: =E9+D10 -> 0.83093465 | F10: =IF(E10-D10<0.8,"A",IF(E10-D10<0.95,"B","C")) -> A | G10: =IFERROR(STDEV(Продажи!C16:F16)/AVERAGE(Продажи!C16:F16),0) -> 0.22145193 | H10: {=_xlfn.IFS(G10<0.15,"X",G10<0.35,"Y",G10>=0.35,"Z")} -> Y | I10: =F10&H10 -> AY
A11: =Продажи!A9 -> SEL-008 | B11: =Продажи!B9 -> ИП Новикова М.С. | C11: =Продажи!G9 -> 872508 | D11: =IFERROR(C11/SUM(Продажи!$G$2:$G$21),0) -> 0.032763536 | E11: =E10+D11 -> 0.86369818 | F11: =IF(E11-D11<0.8,"A",IF(E11-D11<0.95,"B","C")) -> B | G11: =IFERROR(STDEV(Продажи!C9:F9)/AVERAGE(Продажи!C9:F9),0) -> 0.13027337 | H11: {=_xlfn.IFS(G11<0.15,"X",G11<0.35,"Y",G11>=0.35,"Z")} -> X | I11: =F11&H11 -> BX
A12: =Продажи!A3 -> SEL-002 | B12: =Продажи!B3 -> ИП Смирнов А.В. | C12: =Продажи!G3 -> 478265 | D12: =IFERROR(C12/SUM(Продажи!$G$2:$G$21),0) -> 0.017959322 | E12: =E11+D12 -> 0.8816575 | F12: =IF(E12-D12<0.8,"A",IF(E12-D12<0.95,"B","C")) -> B | G12: =IFERROR(STDEV(Продажи!C3:F3)/AVERAGE(Продажи!C3:F3),0) -> 0.11404089 | H12: {=_xlfn.IFS(G12<0.15,"X",G12<0.35,"Y",G12>=0.35,"Z")} -> X | I12: =F12&H12 -> BX
A13: =Продажи!A19 -> SEL-018 | B13: =Продажи!B19 -> ИП Соколов Р.Е. | C13: =Продажи!G19 -> 761960 | D13: =IFERROR(C13/SUM(Продажи!$G$2:$G$21),0) -> 0.028612349 | E13: =E12+D13 -> 0.91026985 | F13: =IF(E13-D13<0.8,"A",IF(E13-D13<0.95,"B","C")) -> B | G13: =IFERROR(STDEV(Продажи!C19:F19)/AVERAGE(Продажи!C19:F19),0) -> 0.32417146 | H13: {=_xlfn.IFS(G13<0.15,"X",G13<0.35,"Y",G13>=0.35,"Z")} -> Y | I13: =F13&H13 -> BY
A14: =Продажи!A7 -> SEL-006 | B14: =Продажи!B7 -> ИП Петров С.Д. | C14: =Продажи!G7 -> 355186 | D14: =IFERROR(C14/SUM(Продажи!$G$2:$G$21),0) -> 0.013337585 | E14: =E13+D14 -> 0.92360744 | F14: =IF(E14-D14<0.8,"A",IF(E14-D14<0.95,"B","C")) -> B | G14: =IFERROR(STDEV(Продажи!C7:F7)/AVERAGE(Продажи!C7:F7),0) -> 0.19597994 | H14: {=_xlfn.IFS(G14<0.15,"X",G14<0.35,"Y",G14>=0.35,"Z")} -> Y | I14: =F14&H14 -> BY
A15: =Продажи!A15 -> SEL-014 | B15: =Продажи!B15 -> ИП Морозов В.П. | C15: =Продажи!G15 -> 649423 | D15: =IFERROR(C15/SUM(Продажи!$G$2:$G$21),0) -> 0.024386474 | E15: =E14+D15 -> 0.94799391 | F15: =IF(E15-D15<0.8,"A",IF(E15-D15<0.95,"B","C")) -> B | G15: =IFERROR(STDEV(Продажи!C15:F15)/AVERAGE(Продажи!C15:F15),0) -> 0.42992439 | H15: {=_xlfn.IFS(G15<0.15,"X",G15<0.35,"Y",G15>=0.35,"Z")} -> Z | I15: =F15&H15 -> BZ
A16: =Продажи!A13 -> SEL-012 | B16: =Продажи!B13 -> ИП Орлова Д.А. | C16: =Продажи!G13 -> 360115 | D16: =IFERROR(C16/SUM(Продажи!$G$2:$G$21),0) -> 0.013522673 | E16: =E15+D16 -> 0.96151659 | F16: =IF(E16-D16<0.8,"A",IF(E16-D16<0.95,"B","C")) -> B | G16: =IFERROR(STDEV(Продажи!C13:F13)/AVERAGE(Продажи!C13:F13),0) -> 0.43254764 | H16: {=_xlfn.IFS(G16<0.15,"X",G16<0.35,"Y",G16>=0.35,"Z")} -> Z | I16: =F16&H16 -> BZ
A17: =Продажи!A20 -> SEL-019 | B17: =Продажи!B20 -> ООО КнижныйМир | C17: =Продажи!G20 -> 336446 | D17: =IFERROR(C17/SUM(Продажи!$G$2:$G$21),0) -> 0.012633879 | E17: =E16+D17 -> 0.97415046 | F17: =IF(E17-D17<0.8,"A",IF(E17-D17<0.95,"B","C")) -> C | G17: =IFERROR(STDEV(Продажи!C20:F20)/AVERAGE(Продажи!C20:F20),0) -> 0.28988048 | H17: {=_xlfn.IFS(G17<0.15,"X",G17<0.35,"Y",G17>=0.35,"Z")} -> Y | I17: =F17&H17 -> CY
A18: =Продажи!A17 -> SEL-016 | B18: =Продажи!B17 -> ИП Лебедева О.Н. | C18: =Продажи!G17 -> 278525 | D18: =IFERROR(C18/SUM(Продажи!$G$2:$G$21),0) -> 0.010458888 | E18: =E17+D18 -> 0.98460935 | F18: =IF(E18-D18<0.8,"A",IF(E18-D18<0.95,"B","C")) -> C | G18: =IFERROR(STDEV(Продажи!C17:F17)/AVERAGE(Продажи!C17:F17),0) -> 0.22528475 | H18: {=_xlfn.IFS(G18<0.15,"X",G18<0.35,"Y",G18>=0.35,"Z")} -> Y | I18: =F18&H18 -> CY
A19: =Продажи!A11 -> SEL-010 | B19: =Продажи!B11 -> ИП Федоров К.В. | C19: =Продажи!G11 -> 166315 | D19: =IFERROR(C19/SUM(Продажи!$G$2:$G$21),0) -> 0.0062452923 | E19: =E18+D19 -> 0.99085465 | F19: =IF(E19-D19<0.8,"A",IF(E19-D19<0.95,"B","C")) -> C | G19: =IFERROR(STDEV(Продажи!C11:F11)/AVERAGE(Продажи!C11:F11),0) -> 0.38477897 | H19: {=_xlfn.IFS(G19<0.15,"X",G19<0.35,"Y",G19>=0.35,"Z")} -> Z | I19: =F19&H19 -> CZ
A20: =Продажи!A5 -> SEL-004 | B20: =Продажи!B5 -> ИП Козлова Н.И. | C20: =Продажи!G5 -> 164467 | D20: =IFERROR(C20/SUM(Продажи!$G$2:$G$21),0) -> 0.0061758981 | E20: =E19+D20 -> 0.99703054 | F20: =IF(E20-D20<0.8,"A",IF(E20-D20<0.95,"B","C")) -> C | G20: =IFERROR(STDEV(Продажи!C5:F5)/AVERAGE(Продажи!C5:F5),0) -> 0.88569299 | H20: {=_xlfn.IFS(G20<0.15,"X",G20<0.35,"Y",G20>=0.35,"Z")} -> Z | I20: =F20&H20 -> CZ
A21: =Продажи!A21 -> SEL-020 | B21: =Продажи!B21 -> ИП Захарова Т.Б. | C21: =Продажи!G21 -> 79078 | D21: =IFERROR(C21/SUM(Продажи!$G$2:$G$21),0) -> 0.0029694569 | E21: =E20+D21 -> 1 | F21: =IF(E21-D21<0.8,"A",IF(E21-D21<0.95,"B","C")) -> C | G21: =IFERROR(STDEV(Продажи!C21:F21)/AVERAGE(Продажи!C21:F21),0) -> 0.39787358 | H21: {=_xlfn.IFS(G21<0.15,"X",G21<0.35,"Y",G21>=0.35,"Z")} -> Z | I21: =F21&H21 -> CZ

Sheet Матрица ABC-XYZ
A1: Матрица ABC-XYZ
A2: ABC / XYZ | B2: X | C2: Y | D2: Z
A3: A | B3: =COUNTIF('ABC-XYZ Анализ'!I2:I21,"AX") -> 7 | C3: =COUNTIF('ABC-XYZ Анализ'!I2:I21,"AY") -> 2 | D3: =COUNTIF('ABC-XYZ Анализ'!I2:I21,"AZ") -> 0
A4: B | B4: =COUNTIF('ABC-XYZ Анализ'!I2:I21,"BX") -> 2 | C4: =COUNTIF('ABC-XYZ Анализ'!I2:I21,"BY") -> 2 | D4: =COUNTIF('ABC-XYZ Анализ'!I2:I21,"BZ") -> 2
A5: C | B5: =COUNTIF('ABC-XYZ Анализ'!I2:I21,"CX") -> 0 | C5: =COUNTIF('ABC-XYZ Анализ'!I2:I21,"CY") -> 2 | D5: =COUNTIF('ABC-XYZ Анализ'!I2:I21,"CZ") -> 3
A6: ABC / XYZ | B6: Вывод | C6: Рекомендация
A7: AX | B7: Топ селлеры, стабильные продажи | C7: приоритет #1, развивать
A8: AY | B8: Топ селлеры, умеренная волатильность | C8: работать над стабилизацией
A9: AZ | B9: Топ GMV, но хаотичные продажи | C9: буферный запас, анализ причин
A10: BX | B10: Средний GMV, стабильные | C10: потенциал роста в A
A11: BY | B11: Средний GMV, сезонность | C11: стандартное управление
A12: BZ | B12: Средний GMV, хаос | C12: пересмотреть условия
A13: CX | B13: Низкий GMV, стабильные | C13: минимальное внимание
A14: CY | B14: Низкий GMV, сезонность | C14: оценить целесообразность
A15: CZ | B15: Низкий GMV, хаос | C15: кандидаты на вывод
